<AppLockerPolicy Version="1">
  <RuleCollection Type="Exe" EnforcementMode="NotConfigured">
    <FilePathRule Id="921cc481-6e17-4653-8f75-050b80acca20" Name="(Default Rule) All files located in the Program Files folder" Description="Allows members of the Everyone group to run applications that are located in the Program Files folder." UserOrGroupSid="S-1-1-0" Action="Allow">
      <Conditions>
        <FilePathCondition Path="%PROGRAMFILES%\*" />
      </Conditions>
    </FilePathRule>
    <FilePathRule Id="a61c8b2c-a319-4cd0-9690-d2177cad7b51" Name="(Default Rule) All files located in the Windows folder" Description="Allows members of the Everyone group to run applications that are located in the Windows folder." UserOrGroupSid="S-1-1-0" Action="Allow">
      <Conditions>
        <FilePathCondition Path="%WINDIR%\*" />
      </Conditions>
    </FilePathRule>
    <FilePathRule Id="fd686d83-a829-4351-8ff4-27c7de5755d2" Name="(Default Rule) All files" Description="Allows members of the local Administrators group to run all applications." UserOrGroupSid="S-1-5-32-544" Action="Allow">
      <Conditions>
        <FilePathCondition Path="*" />
      </Conditions>
    </FilePathRule>
    <FilePublisherRule Id="706967e0-53a9-4a3a-99ff-7240b10a6fa3" Name="TABLEAU-SETUP-STD-TABLEAU-2023-2.23.0909.1159-X64.EXE, version 23.2.0.0 and above, in TABLEAU 2023.2 (20232.23.0909.1159), from O=TABLEAU SOFTWARE LLC, L=SEATTLE, S=WASHINGTON, C=US" Description="" UserOrGroupSid="S-1-1-0" Action="Allow">
      <Conditions>
        <FilePublisherCondition PublisherName="O=TABLEAU SOFTWARE LLC, L=SEATTLE, S=WASHINGTON, C=US" ProductName="TABLEAU 2023.2 (20232.23.0909.1159)" BinaryName="TABLEAU-SETUP-STD-TABLEAU-2023-2.23.0909.1159-X64.EXE">
          <BinaryVersionRange LowSection="23.2.0.0" HighSection="*" />
        </FilePublisherCondition>
      </Conditions>
    </FilePublisherRule>
  </RuleCollection>
  <RuleCollection Type="Msi" EnforcementMode="NotConfigured" />
  <RuleCollection Type="Script" EnforcementMode="NotConfigured" />
  <RuleCollection Type="Dll" EnforcementMode="NotConfigured" />
  <RuleCollection Type="Appx" EnforcementMode="NotConfigured" />
</AppLockerPolicy>